especialidad_cita;es_control;codigo;homologado
CARDIOLOGIA;N;890228;CARDIOLOGIA
CARDIOLOGIA;S;890328;CARDIOLOGIA
CARDIOLOGIA PEDIATRICA;N;890229;CARDIOLOGIA PEDIATRICA
CARDIOLOGIA PEDIATRICA;S;890329;CARDIOLOGIA PEDIATRICA
CIRUGIA MAXILOFACIAL;N;890236;CIRUGIA MAXILOFACIAL
CIRUGIA ORAL;N;890217;CIRUGIA ORAL
CIRUGIA ORAL;S;890317;CIRUGIA ORAL
DERMATOLOGIA;N;890242;DERMATOLOGIA
DERMATOLOGIA;S;890342;DERMATOLOGIA
ENDOCRINOLOGIA;N;890244;ENDOCRINOLOGIA
ENDOCRINOLOGIA;S;890344;ENDOCRINOLOGIA
ENDODONCIA;N;890218;ENDODONCIA
ENDODONCIA;S;890318;ENDODONCIA
ENFERMERIA;N;890105;ENFERMERIA
FISIOTERAPIA;N;890111;FISIOTERAPIA
FISIOTERAPIA;S;890311;FISIOTERAPIA
FONOAUDIOLOGIA;N;890210;FONOAUDIOLOGIA
INFECTOLOGIA;N;890254;INFECTOLOGIA
INFECTOLOGIA;S;890354;INFECTOLOGIA
MEDICINA FAMILIAR;S;890363;MEDICINA FAMILIAR
MEDICINA FAMILIAR;N;890263;MEDICINA FAMILIAR
MEDICINA FISICA Y REHABILITACION;S;890364;MEDICINA FISICA Y REHABILITACION
MEDICINA FISICA Y REHABILITACION;N;890264;MEDICINA FISICA Y REHABILITACION
MEDICINA GENERAL;N;890101;MEDICINA GENERAL
MEDICINA GENERAL;S;890301;MEDICINA GENERAL
MEDICINA INTERNA;N;890266;MEDICINA INTERNA
MEDICINA INTERNA;S;890366;MEDICINA INTERNA
NEFROLOGIA;N;890268;NEFROLOGIA
NEFROLOGIA;S;890368;NEFROLOGIA
NEUMOLOGIA;N;890271;NEUMOLOGIA
NEUMOLOGIA;S;890371;NEUMOLOGIA
ORTOPEDIA Y TRAUMATOLOGIA;N;890280;ORTOPEDIA Y TRAUMATOLOGIA
OTORRINOLARINGOLOGIA;S;890382;OTORRINOLARINGOLOGIA
OTORRINOLARINGOLOGIA;N;890282;OTORRINOLARINGOLOGIA
PEDIATRIA;S;890383;PEDIATRIA
PEDIATRIA;N;890283;PEDIATRIA
PSICOLOGIA;N;890108;PSICOLOGIA
PSICOLOGIA;S;890308;PSICOLOGIA
PSIQUIATRIA;N;890284;PSIQUIATRIA
PSIQUIATRIA;S;890384;PSIQUIATRIA
REUMATOLOGIA;N;890288;REUMATOLOGIA
REUMATOLOGIA;S;890388;REUMATOLOGIA
TERAPIA OCUPACIONAL;N;890113;TERAPIA OCUPACIONAL
TRABAJO SOCIAL;N;890109;TRABAJO SOCIAL
TRABAJO SOCIAL;S;890309;TRABAJO SOCIAL
Adolescencia - Enf;N;890105;ENFERMERIA
Adolescencia - Md Gral;N;890101;MEDICINA GENERAL
Adolescencia - Md Gral;S;890301;MEDICINA GENERAL
Adolescencia - Odont;N;890103;ODONTOLOGIA GENERAL
Adolescencia - Odont;S;890303;ODONTOLOGIA GENERAL
Adultez - Md Gral;N;890101;MEDICINA GENERAL
Adultez - Md Gral;S;890301;MEDICINA GENERAL
Adultez - Odont;N;890103;ODONTOLOGIA GENERAL
Adultez - Odont;S;890303;ODONTOLOGIA GENERAL
Atencion a la Familia - Odont;N;890103;ODONTOLOGIA GENERAL
CIRUGIA PLASTICA;N;890239;CIRUGIA PLASTICA, ESTETICA Y RECONSTRUCTIVA
CIRUGIA PLASTICA;S;890339;CIRUGIA PLASTICA, ESTETICA Y RECONSTRUCTIVA
CIRUGIA VASCULAR PERIFERICA;N;890240;CIRUGIA VASCULAR
Control Prenatal - Enfermeria;N;890105;ENFERMERIA
Control Prenatal - Medico;N;890101;MEDICINA GENERAL
Control Prenatal - Medico;S;890301;MEDICINA GENERAL
CONTROL URGENCIA - MEDICO;N;890101;MEDICINA GENERAL
Cronico - Medico Familiar;N;890263;MEDICINA FAMILIAR
Cronico - Medico Internista;N;890266;MEDICINA INTERNA
Cronico - Nutricionista;N;890106;NUTRICION Y DIETETICA
Cronico - Nutricionista;S;890306;NUTRICION Y DIETETICA
Cronico - Psicologia;N;890108;PSICOLOGIA
Cronico - Psicologia;S;890308;PSICOLOGIA
GINECOLOGIA;N;890250;GINECOLOGIA Y OBSTETRICIA
GINECOLOGIA;S;890350;GINECOLOGIA Y OBSTETRICIA
HTA/Cronico - Enfermeria;N;890105;ENFERMERIA
HTA/Cronico - Enfermeria;S;890305;ENFERMERIA
HTA/Cronico - Medico;N;890101;MEDICINA GENERAL
HTA/Cronico - Medico;S;890301;MEDICINA GENERAL
Infancia - Enf;N;890105;ENFERMERIA
Infancia - Md Gral;N;890101;MEDICINA GENERAL
Infancia - Odont;N;890103;ODONTOLOGIA GENERAL
Infancia - Odont;S;890303;ODONTOLOGIA GENERAL
Juventud - Md Gral;N;890101;MEDICINA GENERAL
Juventud - Md Gral;S;890301;MEDICINA GENERAL
Juventud - Odont;N;890103;ODONTOLOGIA GENERAL
Juventud - Odont;S;890303;ODONTOLOGIA GENERAL
NUTRICIONISTA;N;890106;NUTRICION Y DIETETICA
NUTRICIONISTA;S;890306;NUTRICION Y DIETETICA
OBSTETRICIA - Ginecologo;N;890250;GINECOLOGIA Y OBSTETRICIA
ODONTOLOGIA;S;890303;ODONTOLOGIA GENERAL
ODONTOLOGIA;N;890103;ODONTOLOGIA GENERAL
ODONTOLOGIA PEDIATRIA;S;890320;ODONTOPEDIATRIA
ODONTOLOGIA PEDIATRIA;N;890220;ODONTOPEDIATRIA
Planificacion Familiar - Enfermeria;N;890105;ENFERMERIA
Planificacion Familiar - Medico;N;890101;MEDICINA GENERAL
Planificacion Familiar - Medico;S;890301;MEDICINA GENERAL
Preconcepcional - Enf;N;890105;ENFERMERIA
Preconcepcional - Md Gral;N;890101;MEDICINA GENERAL
Preconcepcional - Md Gral;S;890301;MEDICINA GENERAL
Primera Infancia - Enf;N;890105;ENFERMERIA
Primera Infancia - Enf;S;890305;ENFERMERIA
Primera Infancia - Md Gral;N;890101;MEDICINA GENERAL
Primera Infancia - Odont;N;890103;ODONTOLOGIA GENERAL
Primera Infancia - Odont;S;890303;ODONTOLOGIA GENERAL
RADIOLOGIA O RADIODIAGNOSTICO;N;890286;RADIOLOGIA E IMAGENES DIAGNOSTICAS
SALUD OCUPACIONAL O MEDICINA DE TRABAJO;S;890362;MEDICINA DEL TRABAJO O SEGURIDAD Y SALUD EN EL TRABAJO
SALUD OCUPACIONAL O MEDICINA DE TRABAJO;N;890262;MEDICINA DEL TRABAJO O SEGURIDAD Y SALUD EN EL TRABAJO
Salud Publica - Medico;N;890101;MEDICINA GENERAL
Salud Publica - Medico;S;890301;MEDICINA GENERAL
Vejez - Md Gral;N;890101;MEDICINA GENERAL
Vejez - Md Gral;S;890301;MEDICINA GENERAL
Vejez - Odont;N;890103;ODONTOLOGIA GENERAL
Vejez - Odont;S;890303;ODONTOLOGIA GENERAL
