codigo;descripcion;homologado
890201;CONSULTA DE PRIMERA VEZ POR MEDICINA GENERAL;MEDICINA GENERAL
890202;CONSULTA DE PRIMERA VEZ POR OTRAS ESPECIALIDADES MÉDICAS;OTRAS ESPECIALIDADES MÉDICAS
890203;CONSULTA DE PRIMERA VEZ POR ODONTOLOGÍA GENERAL;ODONTOLOGÍA GENERAL
890204;CONSULTA DE PRIMERA VEZ POR OTRAS ESPECIALIDADES EN ODONTOLOGIA;OTRAS ESPECIALIDADES EN ODONTOLOGIA
890205;CONSULTA DE PRIMERA VEZ POR ENFERMERÍA;ENFERMERÍA
890206;CONSULTA DE PRIMERA VEZ POR NUTRICIÓN Y DIETÉTICA;NUTRICIÓN Y DIETÉTICA
890207;CONSULTA DE PRIMERA VEZ POR OPTOMETRÍA;OPTOMETRÍA
890208;CONSULTA DE PRIMERA VEZ POR PSICOLOGÍA;PSICOLOGÍA
890209;CONSULTA DE PRIMERA VEZ POR TRABAJO SOCIAL;TRABAJO SOCIAL
890210;CONSULTA DE PRIMERA VEZ POR FONOAUDIOLOGÍA;FONOAUDIOLOGÍA
890211;CONSULTA DE PRIMERA VEZ POR FISIOTERAPIA;FISIOTERAPIA
890212;CONSULTA DE PRIMERA VEZ POR TERAPIA RESPIRATORIA;TERAPIA RESPIRATORIA
890213;CONSULTA DE PRIMERA VEZ POR TERAPIA OCUPACIONAL;TERAPIA OCUPACIONAL
890214;CONSULTA DE PRIMERA VEZ POR TERAPIAS ALTERNATIVAS;TERAPIAS ALTERNATIVAS
890215;CONSULTA DE PRIMERA VEZ POR EQUIPO INTERDISCIPLINARIO;EQUIPO INTERDISCIPLINARIO
890216;CONSULTA DE PRIMERA VEZ POR ESPECIALISTA EN SALUD FAMILIAR Y COMUNITARIA;SALUD FAMILIAR Y COMUNITARIA
890217;CONSULTA DE PRIMERA VEZ POR ESPECIALISTA EN CIRUGÍA ORAL;CIRUGÍA ORAL
890218;CONSULTA DE PRIMERA VEZ POR ESPECIALISTA EN ENDODONCIA;ENDODONCIA
890219;CONSULTA DE PRIMERA VEZ POR ESPECIALISTA EN ESTOMATOLOGÍA Y CIRUGÍA ORAL;ESTOMATOLOGÍA Y CIRUGÍA ORAL
890220;CONSULTA DE PRIMERA VEZ POR ESPECIALISTA EN ODONTOPEDIATRÍA;ODONTOPEDIATRÍA
890221;CONSULTA DE PRIMERA VEZ POR ESPECIALISTA EN PERIODONCIA;PERIODONCIA
890222;CONSULTA DE PRIMERA VEZ POR ESPECIALISTA EN ORTODONCIA;ORTODONCIA
890223;CONSULTA DE PRIMERA VEZ POR ESPECIALISTA EN RADIOLOGÍA ORAL Y MAXILOFACIAL;RADIOLOGÍA ORAL Y MAXILOFACIAL
890224;CONSULTA DE PRIMERA VEZ POR ESPECIALISTA EN REHABILITACIÓN ORAL;REHABILITACIÓN ORAL
890225;CONSULTA DE PRIMERA VEZ POR ESPECIALISTA EN ALERGOLOGÍA;ALERGOLOGÍA
890226;CONSULTA DE PRIMERA VEZ POR ESPECIALISTA EN ANESTESIOLOGÍA;ANESTESIOLOGÍA
890227;CONSULTA DE PRIMERA VEZ POR ESPECIALISTA EN ANESTESIOLOGÍA CARDIOVASCULAR;ANESTESIOLOGÍA CARDIOVASCULAR
890228;CONSULTA DE PRIMERA VEZ POR ESPECIALISTA EN CARDIOLOGÍA;CARDIOLOGÍA
890229;CONSULTA DE PRIMERA VEZ POR ESPECIALISTA EN CARDIOLOGÍA PEDIÁTRICA;CARDIOLOGÍA PEDIÁTRICA
890230;CONSULTA DE PRIMERA VEZ POR ESPECIALISTA EN CIRUGÍA CARDIOVASCULAR;CIRUGÍA CARDIOVASCULAR
890231;CONSULTA DE PRIMERA VEZ POR ESPECIALISTA EN CIRUGÍA DE CABEZA Y CUELLO;CIRUGÍA DE CABEZA Y CUELLO
890232;CONSULTA DE PRIMERA VEZ POR ESPECIALISTA EN CIRUGÍA DE MAMA Y TUMORES DE TEJIDOS BLANDOS;CIRUGÍA DE MAMA Y TUMORES DE TEJIDOS BLANDOS
890233;CONSULTA DE PRIMERA VEZ POR ESPECIALISTA EN CIRUGÍA DE TÓRAX;CIRUGÍA DE TÓRAX
890234;CONSULTA DE PRIMERA VEZ POR ESPECIALISTA EN CIRUGÍA GASTROINTESTINAL;CIRUGÍA GASTROINTESTINAL
890235;CONSULTA DE PRIMERA VEZ POR ESPECIALISTA EN CIRUGÍA GENERAL;CIRUGÍA GENERAL
890236;CONSULTA DE PRIMERA VEZ POR ESPECIALISTA EN CIRUGÍA MAXILOFACIAL;CIRUGÍA MAXILOFACIAL
890237;CONSULTA DE PRIMERA VEZ POR ESPECIALISTA EN CIRUGÍA ONCOLÓGICA;CIRUGÍA ONCOLÓGICA
890238;CONSULTA DE PRIMERA VEZ POR ESPECIALISTA EN CIRUGÍA PEDIÁTRICA;CIRUGÍA PEDIÁTRICA
890239;CONSULTA DE PRIMERA VEZ POR ESPECIALISTA EN CIRUGÍA PLÁSTICA, ESTÉTICA Y RECONSTRUCTIVA;CIRUGÍA PLÁSTICA, ESTÉTICA Y RECONSTRUCTIVA
890240;CONSULTA DE PRIMERA VEZ POR ESPECIALISTA EN CIRUGÍA VASCULAR;CIRUGÍA VASCULAR
890241;CONSULTA DE PRIMERA VEZ POR ESPECIALISTA EN COLOPROCTOLOGÍA;COLOPROCTOLOGÍA
890242;CONSULTA DE PRIMERA VEZ POR ESPECIALISTA EN DERMATOLOGÍA;DERMATOLOGÍA
890243;CONSULTA DE PRIMERA VEZ POR ESPECIALISTA EN DOLOR Y CUIDADOS PALIATIVOS;DOLOR Y CUIDADOS PALIATIVOS
890244;CONSULTA DE PRIMERA VEZ POR ESPECIALISTA EN ENDOCRINOLOGÍA;ENDOCRINOLOGÍA
890245;CONSULTA DE PRIMERA VEZ POR ESPECIALISTA EN ENDOCRINOLOGÍA PEDIÁTRICA;ENDOCRINOLOGÍA PEDIÁTRICA
890246;CONSULTA DE PRIMERA VEZ POR ESPECIALISTA EN GASTROENTEROLOGÍA;GASTROENTEROLOGÍA
890247;CONSULTA DE PRIMERA VEZ POR ESPECIALISTA EN GASTROENTEROLOGÍA PEDIÁTRICA;GASTROENTEROLOGÍA PEDIÁTRICA
890248;CONSULTA DE PRIMERA VEZ POR ESPECIALISTA EN GENÉTICA MÉDICA;GENÉTICA MÉDICA
890249;CONSULTA DE PRIMERA VEZ POR ESPECIALISTA EN GERIATRÍA;GERIATRÍA
890250;CONSULTA DE PRIMERA VEZ POR ESPECIALISTA EN GINECOLOGÍA Y OBSTETRICIA;GINECOLOGÍA Y OBSTETRICIA
890251;CONSULTA DE PRIMERA VEZ POR ESPECIALISTA EN HEMATOLOGÍA;HEMATOLOGÍA
890252;CONSULTA DE PRIMERA VEZ POR ESPECIALISTA EN HEMATOLOGÍA PEDIÁTRICA;HEMATOLOGÍA PEDIÁTRICA
890253;CONSULTA DE PRIMERA VEZ POR ESPECIALISTA EN HEPATOLOGÍA;HEPATOLOGÍA
890254;CONSULTA DE PRIMERA VEZ POR ESPECIALISTA EN INFECTOLOGÍA;INFECTOLOGÍA
890255;CONSULTA DE PRIMERA VEZ POR ESPECIALISTA EN MASTOLOGÍA;MASTOLOGÍA
890256;CONSULTA DE PRIMERA VEZ POR ESPECIALISTA EN MEDICINA AEROESPACIAL;MEDICINA AEROESPACIAL
890257;CONSULTA DE PRIMERA VEZ POR ESPECIALISTA EN MEDICINA ALTERNATIVA (AYURVEDA);MEDICINA ALTERNATIVA (AYURVEDA)
890258;CONSULTA DE PRIMERA VEZ POR ESPECIALISTA EN MEDICINA ALTERNATIVA (HOMEOPÁTICA);MEDICINA ALTERNATIVA (HOMEOPÁTICA)
890259;CONSULTA DE PRIMERA VEZ POR ESPECIALISTA EN MEDICINA ALTERNATIVA (MEDICINA TRADICIONAL CHINA);MEDICINA ALTERNATIVA (MEDICINA TRADICIONAL CHINA)
890260;CONSULTA DE PRIMERA VEZ POR ESPECIALISTA EN MEDICINA ALTERNATIVA (NATUROPATÍA);MEDICINA ALTERNATIVA (NATUROPATÍA)
890261;CONSULTA DE PRIMERA VEZ POR ESPECIALISTA EN MEDICINA DEL DEPORTE;MEDICINA DEL DEPORTE
890262;CONSULTA DE PRIMERA VEZ POR ESPECIALISTA EN MEDICINA DEL TRABAJO O SEGURIDAD Y SALUD EN EL TRABAJO;MEDICINA DEL TRABAJO O SEGURIDAD Y SALUD EN EL TRABAJO
890263;CONSULTA DE PRIMERA VEZ POR ESPECIALISTA EN MEDICINA FAMILIAR;MEDICINA FAMILIAR
890264;CONSULTA DE PRIMERA VEZ POR ESPECIALISTA EN MEDICINA FÍSICA Y REHABILITACIÓN;MEDICINA FÍSICA Y REHABILITACIÓN
890265;CONSULTA DE PRIMERA VEZ POR ESPECIALISTA EN MEDICINA FORENSE;MEDICINA FORENSE
890266;CONSULTA DE PRIMERA VEZ POR ESPECIALISTA EN MEDICINA INTERNA;MEDICINA INTERNA
890267;CONSULTA DE PRIMERA VEZ POR ESPECIALISTA EN MEDICINA NUCLEAR;MEDICINA NUCLEAR
890268;CONSULTA DE PRIMERA VEZ POR ESPECIALISTA EN NEFROLOGÍA;NEFROLOGÍA
890269;CONSULTA DE PRIMERA VEZ POR ESPECIALISTA EN NEFROLOGÍA PEDIÁTRICA;NEFROLOGÍA PEDIÁTRICA
890270;CONSULTA DE PRIMERA VEZ POR ESPECIALISTA EN NEONATOLOGÍA;NEONATOLOGÍA
890271;CONSULTA DE PRIMERA VEZ POR ESPECIALISTA EN NEUMOLOGÍA;NEUMOLOGÍA
890272;CONSULTA DE PRIMERA VEZ POR ESPECIALISTA EN NEUMOLOGÍA PEDIÁTRICA;NEUMOLOGÍA PEDIÁTRICA
890273;CONSULTA DE PRIMERA VEZ POR ESPECIALISTA EN NEUROCIRUGÍA;NEUROCIRUGÍA
890274;CONSULTA DE PRIMERA VEZ POR ESPECIALISTA EN NEUROLOGÍA;NEUROLOGÍA
890275;CONSULTA DE PRIMERA VEZ POR ESPECIALISTA EN NEUROLOGÍA PEDIÁTRICA;NEUROLOGÍA PEDIÁTRICA
890276;CONSULTA DE PRIMERA VEZ POR ESPECIALISTA EN OFTALMOLOGÍA;OFTALMOLOGÍA
890277;CONSULTA DE PRIMERA VEZ POR ESPECIALISTA EN ONCOHEMATOLOGÍA PEDIÁTRICA;ONCOHEMATOLOGÍA PEDIÁTRICA
890278;CONSULTA DE PRIMERA VEZ POR ESPECIALISTA EN ONCOLOGÍA;ONCOLOGÍA
890279;CONSULTA DE PRIMERA VEZ POR ESPECIALISTA EN ONCOLOGÍA PEDIÁTRICA;ONCOLOGÍA PEDIÁTRICA
890280;CONSULTA DE PRIMERA VEZ POR ESPECIALISTA EN ORTOPEDIA Y TRAUMATOLOGÍA;ORTOPEDIA Y TRAUMATOLOGÍA
890281;CONSULTA DE PRIMERA VEZ POR ESPECIALISTA EN ORTOPEDIA Y TRAUMATOLOGÍA PEDIÁTRICA;ORTOPEDIA Y TRAUMATOLOGÍA PEDIÁTRICA
890282;CONSULTA DE PRIMERA VEZ POR ESPECIALISTA EN OTORRINOLARINGOLOGÍA;OTORRINOLARINGOLOGÍA
890283;CONSULTA DE PRIMERA VEZ POR ESPECIALISTA EN PEDIATRÍA;PEDIATRÍA
890284;CONSULTA DE PRIMERA VEZ POR ESPECIALISTA EN PSIQUIATRÍA;PSIQUIATRÍA
890285;CONSULTA DE PRIMERA VEZ POR ESPECIALISTA EN PSIQUIATRÍA PEDIÁTRICA;PSIQUIATRÍA PEDIÁTRICA
890286;CONSULTA DE PRIMERA VEZ POR ESPECIALISTA EN RADIOLOGÍA E IMÁGENES DIAGNÓSTICAS;RADIOLOGÍA E IMÁGENES DIAGNÓSTICAS
890287;CONSULTA DE PRIMERA VEZ POR ESPECIALISTA EN RADIOTERAPIA;RADIOTERAPIA
890288;CONSULTA DE PRIMERA VEZ POR ESPECIALISTA EN REUMATOLOGÍA;REUMATOLOGÍA
890289;CONSULTA DE PRIMERA VEZ POR ESPECIALISTA EN REUMATOLOGÍA PEDIÁTRICA;REUMATOLOGÍA PEDIÁTRICA
890290;CONSULTA DE PRIMERA VEZ POR ESPECIALISTA EN SEXOLOGÍA CLÍNICA;SEXOLOGÍA CLÍNICA
890291;CONSULTA DE PRIMERA VEZ POR ESPECIALISTA EN TOXICOLOGÍA CLÍNICA;TOXICOLOGÍA CLÍNICA
890292;CONSULTA DE PRIMERA VEZ POR ESPECIALISTA EN TRASPLANTES;TRASPLANTES
890294;CONSULTA DE PRIMERA VEZ POR ESPECIALISTA EN UROLOGÍA;UROLOGÍA
890295;CONSULTA DE PRIMERA VEZ POR ESPECIALISTA EN MEDICINA ALTERNATIVA (OSTEOPÁTICA);MEDICINA ALTERNATIVA (OSTEOPÁTICA)
890296;CONSULTA DE PRIMERA VEZ POR ESPECIALISTA EN MEDICINA ALTERNATIVA (NEURALTERAPÉUTICA);MEDICINA ALTERNATIVA (NEURALTERAPÉUTICA)
890297;CONSULTA DE PRIMERA VEZ POR OTRAS ESPECIALIDADES DE PSICOLOGÍA;OTRAS ESPECIALIDADES DE PSICOLOGÍA
890298;CONSULTA DE PRIMERA VEZ POR ESPECIALISTA EN MEDICINA ESTÉTICA;MEDICINA ESTÉTICA
890299;CONSULTA DE PRIMERA VEZ POR ESPECIALISTA EN INFECTOLOGÍA PEDIÁTRICA;INFECTOLOGÍA PEDIÁTRICA
890301;CONSULTA DE CONTROL O DE SEGUIMIENTO POR MEDICINA GENERAL;MEDICINA GENERAL
890302;CONSULTA DE CONTROL O DE SEGUIMIENTO POR OTRAS ESPECIALIDADES MÉDICAS;OTRAS ESPECIALIDADES MÉDICAS
890303;CONSULTA DE CONTROL O DE SEGUIMIENTO POR ODONTOLOGÍA GENERAL;ODONTOLOGÍA GENERAL
890304;CONSULTA DE CONTROL O DE SEGUIMIENTO POR OTRAS ESPECIALIDADES EN ODONTOLOGIA;OTRAS ESPECIALIDADES EN ODONTOLOGIA
890305;CONSULTA DE CONTROL O DE SEGUIMIENTO POR ENFERMERÍA;ENFERMERÍA
890306;CONSULTA DE CONTROL O DE SEGUIMIENTO POR NUTRICIÓN Y DIETÉTICA;NUTRICIÓN Y DIETÉTICA
890307;CONSULTA DE CONTROL O DE SEGUIMIENTO POR OPTOMETRÍA;OPTOMETRÍA
890308;CONSULTA DE CONTROL O DE SEGUIMIENTO POR PSICOLOGÍA;PSICOLOGÍA
890309;CONSULTA DE CONTROL O DE SEGUIMIENTO POR TRABAJO SOCIAL;TRABAJO SOCIAL
890310;CONSULTA DE CONTROL O DE SEGUIMIENTO POR FONOAUDIOLOGÍA;FONOAUDIOLOGÍA
890311;CONSULTA DE CONTROL O DE SEGUIMIENTO POR FISIOTERAPIA;FISIOTERAPIA
890312;CONSULTA DE CONTROL O DE SEGUIMIENTO POR TERAPIA RESPIRATORIA;TERAPIA RESPIRATORIA
890313;CONSULTA DE CONTROL O DE SEGUIMIENTO POR TERAPIA OCUPACIONAL;TERAPIA OCUPACIONAL
890314;CONSULTA DE CONTROL O DE SEGUIMIENTO POR TERAPIAS ALTERNATIVAS;TERAPIAS ALTERNATIVAS
890315;CONSULTA INTEGRAL DE CONTROL O DE SEGUIMIENTO POR EQUIPO INTERDISCIPLINARIO;EQUIPO INTERDISCIPLINARIO
890316;CONSULTA DE CONTROL O DE SEGUIMIENTO POR ESPECIALISTA EN SALUD FAMILIAR Y COMUNITARIA;SALUD FAMILIAR Y COMUNITARIA
890317;CONSULTA DE CONTROL O DE SEGUIMIENTO POR ESPECIALISTA EN CIRUGÍA ORAL;CIRUGÍA ORAL
890318;CONSULTA DE CONTROL O DE SEGUIMIENTO POR ESPECIALISTA EN ENDODONCIA;ENDODONCIA
890319;CONSULTA DE CONTROL O DE SEGUIMIENTO POR ESPECIALISTA EN ESTOMATOLOGÍA Y CIRUGÍA ORAL;ESTOMATOLOGÍA Y CIRUGÍA ORAL
890320;CONSULTA DE CONTROL O DE SEGUIMIENTO POR ESPECIALISTA EN ODONTOPEDIATRÍA;ODONTOPEDIATRÍA
890321;CONSULTA DE CONTROL O DE SEGUIMIENTO POR ESPECIALISTA EN PERIODONCIA;PERIODONCIA
890322;CONSULTA DE CONTROL O DE SEGUIMIENTO POR ESPECIALISTA EN ORTODONCIA;ORTODONCIA
890323;CONSULTA DE CONTROL O DE SEGUIMIENTO POR ESPECIALISTA EN RADIOLOGÍA ORAL Y MAXILOFACIAL;RADIOLOGÍA ORAL Y MAXILOFACIAL
890324;CONSULTA DE CONTROL O DE SEGUIMIENTO POR ESPECIALISTA EN REHABILITACIÓN ORAL;REHABILITACIÓN ORAL
890325;CONSULTA DE CONTROL O DE SEGUIMIENTO POR ESPECIALISTA EN ALERGOLOGÍA;ALERGOLOGÍA
890326;CONSULTA DE CONTROL O DE SEGUIMIENTO POR ESPECIALISTA EN ANESTESIOLOGÍA;ANESTESIOLOGÍA
890327;CONSULTA DE CONTROL O DE SEGUIMIENTO POR ESPECIALISTA EN ANESTESIOLOGÍA CARDIOVASCULAR;ANESTESIOLOGÍA CARDIOVASCULAR
890328;CONSULTA DE CONTROL O DE SEGUIMIENTO POR ESPECIALISTA EN CARDIOLOGÍA;CARDIOLOGÍA
890329;CONSULTA DE CONTROL O DE SEGUIMIENTO POR ESPECIALISTA EN CARDIOLOGÍA PEDIÁTRICA;CARDIOLOGÍA PEDIÁTRICA
890330;CONSULTA DE CONTROL O DE SEGUIMIENTO POR ESPECIALISTA EN CIRUGÍA CARDIOVASCULAR;CIRUGÍA CARDIOVASCULAR
890331;CONSULTA DE CONTROL O DE SEGUIMIENTO POR ESPECIALISTA EN CIRUGÍA DE CABEZA Y CUELLO;CIRUGÍA DE CABEZA Y CUELLO
890332;CONSULTA DE CONTROL O DE SEGUIMIENTO POR ESPECIALISTA EN CIRUGÍA DE MAMA Y TUMORES DE TEJIDOS BLANDOS;CIRUGÍA DE MAMA Y TUMORES DE TEJIDOS BLANDOS
890333;CONSULTA DE CONTROL O DE SEGUIMIENTO POR ESPECIALISTA EN CIRUGÍA DE TÓRAX;CIRUGÍA DE TÓRAX
890334;CONSULTA DE CONTROL O DE SEGUIMIENTO POR ESPECIALISTA EN CIRUGÍA GASTROINTESTINAL;CIRUGÍA GASTROINTESTINAL
890335;CONSULTA DE CONTROL O DE SEGUIMIENTO POR ESPECIALISTA EN CIRUGÍA GENERAL;CIRUGÍA GENERAL
890336;CONSULTA DE CONTROL O DE SEGUIMIENTO POR ESPECIALISTA EN CIRUGÍA MAXILOFACIAL;CIRUGÍA MAXILOFACIAL
890337;CONSULTA DE CONTROL O DE SEGUIMIENTO POR ESPECIALISTA EN CIRUGÍA ONCOLÓGICA;CIRUGÍA ONCOLÓGICA
890338;CONSULTA DE CONTROL O DE SEGUIMIENTO POR ESPECIALISTA EN CIRUGÍA PEDIÁTRICA;CIRUGÍA PEDIÁTRICA
890339;CONSULTA DE CONTROL O DE SEGUIMIENTO POR ESPECIALISTA EN CIRUGÍA PLÁSTICA, ESTÉTICA Y RECONSTRUCTIVA;CIRUGÍA PLÁSTICA, ESTÉTICA Y RECONSTRUCTIVA
890340;CONSULTA DE CONTROL O DE SEGUIMIENTO POR ESPECIALISTA EN CIRUGÍA VASCULAR;CIRUGÍA VASCULAR
890341;CONSULTA DE CONTROL O DE SEGUIMIENTO POR ESPECIALISTA EN COLOPROCTOLOGÍA;COLOPROCTOLOGÍA
890342;CONSULTA DE CONTROL O DE SEGUIMIENTO POR ESPECIALISTA EN DERMATOLOGÍA;DERMATOLOGÍA
890343;CONSULTA DE CONTROL O DE SEGUIMIENTO POR ESPECIALISTA EN DOLOR Y CUIDADOS PALIATIVOS;DOLOR Y CUIDADOS PALIATIVOS
890344;CONSULTA DE CONTROL O DE SEGUIMIENTO POR ESPECIALISTA EN ENDOCRINOLOGÍA;ENDOCRINOLOGÍA
890345;CONSULTA DE CONTROL O DE SEGUIMIENTO POR ESPECIALISTA EN ENDOCRINOLOGÍA PEDIÁTRICA;ENDOCRINOLOGÍA PEDIÁTRICA
890346;CONSULTA DE CONTROL O DE SEGUIMIENTO POR ESPECIALISTA EN GASTROENTEROLOGÍA;GASTROENTEROLOGÍA
890347;CONSULTA DE CONTROL O DE SEGUIMIENTO POR ESPECIALISTA EN GASTROENTEROLOGÍA PEDIÁTRICA;GASTROENTEROLOGÍA PEDIÁTRICA
890348;CONSULTA DE CONTROL O DE SEGUIMIENTO POR ESPECIALISTA EN GENÉTICA MÉDICA;GENÉTICA MÉDICA
890349;CONSULTA DE CONTROL O DE SEGUIMIENTO POR ESPECIALISTA EN GERIATRÍA;GERIATRÍA
890350;CONSULTA DE CONTROL O DE SEGUIMIENTO POR ESPECIALISTA EN GINECOLOGÍA Y OBSTETRICIA;GINECOLOGÍA Y OBSTETRICIA
890351;CONSULTA DE CONTROL O DE SEGUIMIENTO POR ESPECIALISTA EN HEMATOLOGÍA;HEMATOLOGÍA
890352;CONSULTA DE CONTROL O DE SEGUIMIENTO POR ESPECIALISTA EN HEMATOLOGÍA PEDIÁTRICA;HEMATOLOGÍA PEDIÁTRICA
890353;CONSULTA DE CONTROL O DE SEGUIMIENTO POR ESPECIALISTA EN HEPATOLOGÍA;HEPATOLOGÍA
890354;CONSULTA DE CONTROL O DE SEGUIMIENTO POR ESPECIALISTA EN INFECTOLOGÍA;INFECTOLOGÍA
890355;CONSULTA DE CONTROL O DE SEGUIMIENTO POR ESPECIALISTA EN MASTOLOGÍA;MASTOLOGÍA
890356;CONSULTA DE CONTROL O DE SEGUIMIENTO POR ESPECIALISTA EN MEDICINA AEROESPACIAL;MEDICINA AEROESPACIAL
890357;CONSULTA DE CONTROL O DE SEGUIMIENTO POR ESPECIALISTA EN MEDICINA ALTERNATIVA (AYURVEDA);MEDICINA ALTERNATIVA (AYURVEDA)
890358;CONSULTA DE CONTROL O DE SEGUIMIENTO POR ESPECIALISTA EN MEDICINA ALTERNATIVA (HOMEOPÁTICA);MEDICINA ALTERNATIVA (HOMEOPÁTICA)
890359;CONSULTA DE CONTROL O DE SEGUIMIENTO POR ESPECIALISTA EN MEDICINA ALTERNATIVA (MEDICINA TRADICIONAL CHINA);MEDICINA ALTERNATIVA (MEDICINA TRADICIONAL CHINA)
890360;CONSULTA DE CONTROL O DE SEGUIMIENTO POR ESPECIALISTA EN MEDICINA ALTERNATIVA (NATUROPATÍA);MEDICINA ALTERNATIVA (NATUROPATÍA)
890361;CONSULTA DE CONTROL O DE SEGUIMIENTO POR ESPECIALISTA EN MEDICINA DEL DEPORTE;MEDICINA DEL DEPORTE
890362;CONSULTA DE CONTROL O DE SEGUIMIENTO POR ESPECIALISTA EN MEDICINA DEL TRABAJO O SEGURIDAD Y SALUD EN EL TRABAJO;MEDICINA DEL TRABAJO O SEGURIDAD Y SALUD EN EL TRABAJO
890363;CONSULTA DE CONTROL O DE SEGUIMIENTO POR ESPECIALISTA EN MEDICINA FAMILIAR;MEDICINA FAMILIAR
890364;CONSULTA DE CONTROL O DE SEGUIMIENTO POR ESPECIALISTA EN MEDICINA FÍSICA Y REHABILITACIÓN;MEDICINA FÍSICA Y REHABILITACIÓN
890365;CONSULTA DE CONTROL O DE SEGUIMIENTO POR ESPECIALISTA EN MEDICINA FORENSE;MEDICINA FORENSE
890366;CONSULTA DE CONTROL O DE SEGUIMIENTO POR ESPECIALISTA EN MEDICINA INTERNA;MEDICINA INTERNA
890367;CONSULTA DE CONTROL O DE SEGUIMIENTO POR ESPECIALISTA EN MEDICINA NUCLEAR;MEDICINA NUCLEAR
890368;CONSULTA DE CONTROL O DE SEGUIMIENTO POR ESPECIALISTA EN NEFROLOGÍA;NEFROLOGÍA
890369;CONSULTA DE CONTROL O DE SEGUIMIENTO POR ESPECIALISTA EN NEFROLOGÍA PEDIÁTRICA;NEFROLOGÍA PEDIÁTRICA
890370;CONSULTA DE CONTROL O DE SEGUIMIENTO POR ESPECIALISTA EN NEONATOLOGÍA;NEONATOLOGÍA
890371;CONSULTA DE CONTROL O DE SEGUIMIENTO POR ESPECIALISTA EN NEUMOLOGÍA;NEUMOLOGÍA
890372;CONSULTA DE CONTROL O DE SEGUIMIENTO POR ESPECIALISTA EN NEUMOLOGÍA PEDIÁTRICA;NEUMOLOGÍA PEDIÁTRICA
890373;CONSULTA DE CONTROL O DE SEGUIMIENTO POR ESPECIALISTA EN NEUROCIRUGÍA;NEUROCIRUGÍA
890374;CONSULTA DE CONTROL O DE SEGUIMIENTO POR ESPECIALISTA EN NEUROLOGÍA;NEUROLOGÍA
890375;CONSULTA DE CONTROL O DE SEGUIMIENTO POR ESPECIALISTA EN NEUROLOGÍA PEDIÁTRICA;NEUROLOGÍA PEDIÁTRICA
890376;CONSULTA DE CONTROL O DE SEGUIMIENTO POR ESPECIALISTA EN OFTALMOLOGÍA;OFTALMOLOGÍA
890377;CONSULTA DE CONTROL O DE SEGUIMIENTO POR ESPECIALISTA EN ONCOHEMATOLOGÍA PEDIÁTRICA;ONCOHEMATOLOGÍA PEDIÁTRICA
890378;CONSULTA DE CONTROL O DE SEGUIMIENTO POR ESPECIALISTA EN ONCOLOGÍA;ONCOLOGÍA
890379;CONSULTA DE CONTROL O DE SEGUIMIENTO POR ESPECIALISTA EN ONCOLOGÍA PEDIÁTRICA;ONCOLOGÍA PEDIÁTRICA
890380;CONSULTA DE CONTROL O DE SEGUIMIENTO POR ESPECIALISTA EN ORTOPEDIA Y TRAUMATOLOGÍA;ORTOPEDIA Y TRAUMATOLOGÍA
890381;CONSULTA DE CONTROL O DE SEGUIMIENTO POR ESPECIALISTA EN ORTOPEDIA Y TRAUMATOLOGÍA PEDIÁTRICA;ORTOPEDIA Y TRAUMATOLOGÍA PEDIÁTRICA
890382;CONSULTA DE CONTROL O DE SEGUIMIENTO POR ESPECIALISTA EN OTORRINOLARINGOLOGÍA;OTORRINOLARINGOLOGÍA
890383;CONSULTA DE CONTROL O DE SEGUIMIENTO POR ESPECIALISTA EN PEDIATRÍA;PEDIATRÍA
890384;CONSULTA DE CONTROL O DE SEGUIMIENTO POR ESPECIALISTA EN PSIQUIATRÍA;PSIQUIATRÍA
890385;CONSULTA DE CONTROL O DE SEGUIMIENTO POR ESPECIALISTA EN PSIQUIATRÍA PEDIÁTRICA;PSIQUIATRÍA PEDIÁTRICA
890386;CONSULTA DE CONTROL O DE SEGUIMIENTO POR ESPECIALISTA EN RADIOLOGÍA E IMÁGENES DIAGNÓSTICAS;RADIOLOGÍA E IMÁGENES DIAGNÓSTICAS
890387;CONSULTA DE CONTROL O DE SEGUIMIENTO POR ESPECIALISTA EN RADIOTERAPIA;RADIOTERAPIA
890388;CONSULTA DE CONTROL O DE SEGUIMIENTO POR ESPECIALISTA EN REUMATOLOGÍA;REUMATOLOGÍA
890389;CONSULTA DE CONTROL O DE SEGUIMIENTO POR ESPECIALISTA EN REUMATOLOGÍA PEDIÁTRICA;REUMATOLOGÍA PEDIÁTRICA
890390;CONSULTA DE CONTROL O DE SEGUIMIENTO POR ESPECIALISTA EN SEXOLOGÍA CLÍNICA;SEXOLOGÍA CLÍNICA
890391;CONSULTA DE CONTROL O DE SEGUIMIENTO POR ESPECIALISTA EN TOXICOLOGÍA CLÍNICA;TOXICOLOGÍA CLÍNICA
890392;CONSULTA DE CONTROL O DE SEGUIMIENTO POR ESPECIALISTA EN TRASPLANTES;TRASPLANTES
890394;CONSULTA DE CONTROL O DE SEGUIMIENTO POR ESPECIALISTA EN UROLOGÍA;UROLOGÍA
890395;CONSULTA DE CONTROL O DE SEGUIMIENTO POR ESPECIALISTA EN MEDICINA ALTERNATIVA (OSTEOPÁTICA);MEDICINA ALTERNATIVA (OSTEOPÁTICA)
890396;CONSULTA DE CONTROL O DE SEGUIMIENTO POR ESPECIALISTA EN MEDICINA ALTERNATIVA (NEURALTERAPÉUTICA);MEDICINA ALTERNATIVA (NEURALTERAPÉUTICA)
890397;CONSULTA DE CONTROL O DE SEGUIMIENTO POR OTRAS ESPECIALIDADES DE PSICOLOGÍA;OTRAS ESPECIALIDADES DE PSICOLOGÍA
890398;CONSULTA DE CONTROL O DE SEGUIMIENTO POR ESPECIALISTA EN MEDICINA ESTÉTICA;MEDICINA ESTÉTICA
890399;CONSULTA DE CONTROL O DE SEGUIMIENTO POR ESPECIALISTA EN INFECTOLOGÍA PEDIÁTRICA;INFECTOLOGÍA PEDIÁTRICA
890703;CONSULTA DE URGENCIAS POR ODONTOLOGÍA GENERAL;ODONTOLOGÍA GENERAL
